{
	"sources" : 
	[
		{
			"file" : "C:/Users/dries/Documents/school/Thesis/Thesis-dynamic-networks/tglib/tglib_cpp/build/_deps/catch2-subbuild/CMakeFiles/catch2-populate"
		},
		{
			"file" : "C:/Users/dries/Documents/school/Thesis/Thesis-dynamic-networks/tglib/tglib_cpp/build/_deps/catch2-subbuild/CMakeFiles/24a750620c00fd03fd04b99378c77df9/catch2-populate.rule"
		},
		{
			"file" : "C:/Users/dries/Documents/school/Thesis/Thesis-dynamic-networks/tglib/tglib_cpp/build/_deps/catch2-subbuild/CMakeFiles/c34f0dc1836d026b90f643e85a89c920/catch2-populate-complete.rule"
		},
		{
			"file" : "C:/Users/dries/Documents/school/Thesis/Thesis-dynamic-networks/tglib/tglib_cpp/build/_deps/catch2-subbuild/CMakeFiles/d134eb09c363d6948d73d500c1ab33e7/catch2-populate-build.rule"
		},
		{
			"file" : "C:/Users/dries/Documents/school/Thesis/Thesis-dynamic-networks/tglib/tglib_cpp/build/_deps/catch2-subbuild/CMakeFiles/d134eb09c363d6948d73d500c1ab33e7/catch2-populate-configure.rule"
		},
		{
			"file" : "C:/Users/dries/Documents/school/Thesis/Thesis-dynamic-networks/tglib/tglib_cpp/build/_deps/catch2-subbuild/CMakeFiles/d134eb09c363d6948d73d500c1ab33e7/catch2-populate-download.rule"
		},
		{
			"file" : "C:/Users/dries/Documents/school/Thesis/Thesis-dynamic-networks/tglib/tglib_cpp/build/_deps/catch2-subbuild/CMakeFiles/d134eb09c363d6948d73d500c1ab33e7/catch2-populate-install.rule"
		},
		{
			"file" : "C:/Users/dries/Documents/school/Thesis/Thesis-dynamic-networks/tglib/tglib_cpp/build/_deps/catch2-subbuild/CMakeFiles/d134eb09c363d6948d73d500c1ab33e7/catch2-populate-mkdir.rule"
		},
		{
			"file" : "C:/Users/dries/Documents/school/Thesis/Thesis-dynamic-networks/tglib/tglib_cpp/build/_deps/catch2-subbuild/CMakeFiles/d134eb09c363d6948d73d500c1ab33e7/catch2-populate-patch.rule"
		},
		{
			"file" : "C:/Users/dries/Documents/school/Thesis/Thesis-dynamic-networks/tglib/tglib_cpp/build/_deps/catch2-subbuild/CMakeFiles/d134eb09c363d6948d73d500c1ab33e7/catch2-populate-test.rule"
		},
		{
			"file" : "C:/Users/dries/Documents/school/Thesis/Thesis-dynamic-networks/tglib/tglib_cpp/build/_deps/catch2-subbuild/CMakeFiles/d134eb09c363d6948d73d500c1ab33e7/catch2-populate-update.rule"
		}
	],
	"target" : 
	{
		"labels" : 
		[
			"catch2-populate"
		],
		"name" : "catch2-populate"
	}
}